pid,object_type,name,artist,location,exhibit_location,_date,source,discription,order,layout,collection,thumbnail,full,manifest
obj1,Papercut,Sewn,西亚蝶/Xiyadie,陕西/Shaanxi,Beijing LGBT Center,1999,https://www.xiyadie.com/info,"In Sewn, Xiyadie’s blood threads into flames as he sits atop a sword, holding in torment and agony as he looks with affection at the photograph of his former lover.",0,qatar_item,qatar,"/img/derivatives/iiif/images/obj1/full/250,/0/default.jpg","/img/derivatives/iiif/images/obj1/full/1140,/0/default.jpg",/img/derivatives/iiif/obj1/manifest.json
obj2,Painting,Dingding,魏一目/Wei Yimu,广东/Guangdong,Ergao Dance Production Group,2020,https://www.weibo.com/handsomegreen?tabtype=feed,Wei presents an alternative phallic representations of penis from a childlike perspective.,1,qatar_item,qatar,"/img/derivatives/iiif/images/obj2/full/250,/0/default.jpg","/img/derivatives/iiif/images/obj2/full/1140,/0/default.jpg",/img/derivatives/iiif/obj2/manifest.json
obj3,Printing,Commemorate,石头/Shi Tou,贵州/Guizhou,Beijing Sister,2006,https://www.theartnewspaper.com/2023/11/07/the-bumpy-road-to-acceptance-chinas-lgbtq+-artists-is-explored-in-a-new-anthology,"By using the format of the Chinese commercial calendar poster in Shanghai in the 1930s, Shi Tou convey the relationship between females and elaborate on the status quo of human society.",2,qatar_item,qatar,"/img/derivatives/iiif/images/obj3/full/250,/0/default.jpg","/img/derivatives/iiif/images/obj3/full/1140,/0/default.jpg",/img/derivatives/iiif/obj3/manifest.json
obj4,Photograph,September,任航/Ren Hang,吉林/Jilin,"Beijing, Self Published",2016,https://josefchladek.com/book/ren_hang_-_september,This is a one-year shooting plan. Ren Hang plans to publish one photo book every month. All about survival and love.,3,qatar_item,qatar,"/img/derivatives/iiif/images/obj4/full/250,/0/default.jpg","/img/derivatives/iiif/images/obj4/full/1140,/0/default.jpg",/img/derivatives/iiif/obj4/manifest.json
obj5,Installation ,Media,曾不容/Zeng Burong,北京/Beijing,Beijing One-way Street Space,2016,https://burongz.wixsite.com/burong/medea-2016,"Exploring neuroqueerness, Zeng demonstrates this installation piece designed by Burong with tubes, water pumps, red paint and sculpture as a backdrop for the theatre adaptation of Medea.
",4,qatar_item,qatar,"/img/derivatives/iiif/images/obj5/full/250,/0/default.jpg","/img/derivatives/iiif/images/obj5/full/1140,/0/default.jpg",/img/derivatives/iiif/obj5/manifest.json