{
  "@context": "http://iiif.io/api/image/2/context.json",
  "@id": "http://localhost:4000/queerartcn/img/derivatives/iiif/images/obj3",
  "protocol": "http://iiif.io/api/image",
  "width": 1920,
  "height": 2488,
  "sizes": [
    {
      "width": 1920,
      "height": 2488
    },
    {
      "width": 250,
      "height": 324
    },
    {
      "width": 1140,
      "height": 1477
    }
  ],
  "profile": [
    "http://iiif.io/api/image/2/level0.json",
    {
      "supports": [
        "cors",
        "sizeByWhListed",
        "baseUriRedirect"
      ]
    }
  ],
  "tiles": [
    {
      "width": 512,
      "scaleFactors": [
        1,
        2,
        4,
        8
      ]
    }
  ]
}
