{
  "@context": "http://iiif.io/api/presentation/2/context.json",
  "@id": "http://localhost:4000/queerartcn/img/derivatives/iiif/collection/qatar.json",
  "@type": "sc:Collection",
  "label": "qatar",
  "manifests": [
    {
      "@id": "http://localhost:4000/queerartcn/img/derivatives/iiif/obj1/manifest.json",
      "@type": "sc:Manifest",
      "label": "obj1"
    },
    {
      "@id": "http://localhost:4000/queerartcn/img/derivatives/iiif/obj2/manifest.json",
      "@type": "sc:Manifest",
      "label": "obj2"
    },
    {
      "@id": "http://localhost:4000/queerartcn/img/derivatives/iiif/obj3/manifest.json",
      "@type": "sc:Manifest",
      "label": "obj3"
    },
    {
      "@id": "http://localhost:4000/queerartcn/img/derivatives/iiif/obj4/manifest.json",
      "@type": "sc:Manifest",
      "label": "obj4"
    },
    {
      "@id": "http://localhost:4000/queerartcn/img/derivatives/iiif/obj5/manifest.json",
      "@type": "sc:Manifest",
      "label": "obj5"
    }
  ]
}
