{
  "@id": "http://localhost:4000/queerartcn/img/derivatives/iiif/sequence/obj3.json",
  "@type": "sc:Sequence",
  "canvases": [
    {
      "@type": "sc:Canvas",
      "@id": "http://localhost:4000/queerartcn/img/derivatives/iiif/canvas/obj3.json",
      "label": "front",
      "width": 1920,
      "height": 2488,
      "thumbnail": "http://localhost:4000/queerartcn/img/derivatives/iiif/images/obj3/full/250,/0/default.jpg",
      "images": [
        {
          "@type": "oa:Annotation",
          "@id": "http://localhost:4000/queerartcn/img/derivatives/iiif/annotation/obj3.json",
          "motivation": "sc:painting",
          "resource": {
            "@id": "http://localhost:4000/queerartcn/img/derivatives/iiif/images/obj3/full/full/0/default.jpg",
            "@type": "dcterms:Image",
            "format": "image/jpeg",
            "service": {
              "@context": "http://iiif.io/api/image/2/context.json",
              "@id": "http://localhost:4000/queerartcn/img/derivatives/iiif/images/obj3",
              "profile": "http://iiif.io/api/image/2/level0.json"
            },
            "width": 1920,
            "height": 2488
          },
          "on": "http://localhost:4000/queerartcn/img/derivatives/iiif/canvas/obj3.json"
        }
      ]
    }
  ],
  "@context": "http://iiif.io/api/presentation/2/context.json"
}
