{
  "@id": "http://localhost:4000/queerartcn/img/derivatives/iiif/sequence/obj5.json",
  "@type": "sc:Sequence",
  "canvases": [
    {
      "@type": "sc:Canvas",
      "@id": "http://localhost:4000/queerartcn/img/derivatives/iiif/canvas/obj5.json",
      "label": "front",
      "width": 2448,
      "height": 1632,
      "thumbnail": "http://localhost:4000/queerartcn/img/derivatives/iiif/images/obj5/full/250,/0/default.jpg",
      "images": [
        {
          "@type": "oa:Annotation",
          "@id": "http://localhost:4000/queerartcn/img/derivatives/iiif/annotation/obj5.json",
          "motivation": "sc:painting",
          "resource": {
            "@id": "http://localhost:4000/queerartcn/img/derivatives/iiif/images/obj5/full/full/0/default.jpg",
            "@type": "dcterms:Image",
            "format": "image/jpeg",
            "service": {
              "@context": "http://iiif.io/api/image/2/context.json",
              "@id": "http://localhost:4000/queerartcn/img/derivatives/iiif/images/obj5",
              "profile": "http://iiif.io/api/image/2/level0.json"
            },
            "width": 1224,
            "height": 816
          },
          "on": "http://localhost:4000/queerartcn/img/derivatives/iiif/canvas/obj5.json"
        }
      ]
    }
  ],
  "@context": "http://iiif.io/api/presentation/2/context.json"
}
